%1$d already matched	已匹配 %1$d 项
%1$d areas were checked and everything they need is here.	已检查 %1$d 个区域，所需内容均已就绪。
%1$d fields overridden	已覆盖 %1$d 个字段
%1$d fields will be overridden when requested	请求时将覆盖 %1$d 个字段
%1$d gates selected	已选择 %1$d 个功能开关
%1$d minutes left	剩余 %1$d 分钟
%1$d rejected	已拒绝 %1$d 项
%1$d results	%1$d 个结果
%1$d results so far	目前有 %1$d 个结果
%1$d results so far, and more not counted	目前有 %1$d 个结果，另有更多未计数
%1$d results, filtered to %2$s	%1$d 个结果，已筛选为 %2$s
%1$d setting was not in that file and was left as it is	有 %1$d 项设置不在该文件中，已保持原样
%1$d settings were not in that file and were left as they are	有 %1$d 项设置不在该文件中，已保持原样
%1$d unavailable	%1$d 项不可用
%1$s (%2$s)	%1$s（%2$s）
%1$s (TikTok value)	%1$s（TikTok 值）
%1$s (custom, unverified)	%1$s（自定义，未验证）
%1$s (override returned)	%1$s（已返回覆盖值）
%1$s (will be returned when requested)	%1$s（请求时将返回）
%1$s / current cache only	%1$s / 仅当前缓存
%1$s / generated registry	%1$s / 已生成注册表
%1$s / generated registry and current cache	%1$s / 已生成注册表和当前缓存
%1$s / local catalog	%1$s / 本地目录
%1$s and above	%1$s 及以上
%1$s appears more than once in this file.	%1$s 在此文件中出现了多次。
%1$s changed	%1$s 已更改
%1$s day	%1$s 天
%1$s days	%1$s 天
%1$s destinations must start with %2$s	%1$s 的目标位置必须以 %2$s 开头
%1$s dp	%1$s dp
%1$s has an invalid value. %2$s	%1$s 的值无效。%2$s
%1$s has type %2$s, but the file says %3$s.	%1$s 的类型是 %2$s，但文件中写的是 %3$s。
%1$s hid everything TikTok sent, %2$d times in a row. Turn it off if that's not what you wanted.	%1$s 已连续 %2$d 次隐藏 TikTok 发来的全部内容。如果这不是你想要的效果，请将其关闭。
%1$s is a kind of value the Lab cannot override.	%1$s 属于实验室无法覆盖的值类型。
%1$s is already hidden	%1$s 已被隐藏
%1$s is not a country code, so no video would ever match it. Use two letters, like GB, IE or US.	%1$s 不是国家代码，因此不会有视频匹配。请使用两个字母，例如 GB、IE 或 US。
%1$s is not in this Lab catalog.	%1$s 不在此实验室目录中。
%1$s isn't installed or doesn't take links	未安装 %1$s，或它不接受链接
%1$s left	剩余 %1$s
%1$s millisecond	%1$s 毫秒
%1$s milliseconds	%1$s 毫秒
%1$s min left	剩余 %1$s 分钟
%1$s minute	%1$s 分钟
%1$s minutes	%1$s 分钟
%1$s point	%1$s 点
%1$s points	%1$s 点
%1$s s	%1$s 秒
%1$s second	%1$s 秒
%1$s seconds	%1$s 秒
%1$s time	%1$s 次
%1$s times	%1$s 次
%1$s to %2$s	%1$s 到 %2$s
%1$s video	%1$s 个视频
%1$s videos	%1$s 个视频
%1$s videos left	剩余 %1$s 个视频
%1$s view per comment	每条评论 %1$s 次播放
%1$s view per like	每个赞 %1$s 次播放
%1$s views per comment	每条评论 %1$s 次播放
%1$s views per like	每个赞 %1$s 次播放
%1$s was rejected. %2$s	%1$s 被拒绝。%2$s
%1$s, %2$s or %3$s	%1$s、%2$s 或 %3$s
%1$s, %2$s, %3$s or %4$s	%1$s、%2$s、%3$s 或 %4$s
%1$s, %2$s, %3$s, %4$s, %5$s	%1$s、%2$s、%3$s、%4$s、%5$s
%1$s, selected	%1$s，已选择
%1$s. %2$s	%1$s。%2$s
%1$s: %2$d found, %3$d missing	%1$s：找到 %2$d 项，缺少 %3$d 项
%1$s: %2$d found, %3$d missing, and more it stopped counting	%1$s：找到 %2$d 项，缺少 %3$d 项，另有更多未继续计数
%1$s: %2$d found, %3$d missing, and more it stopped counting. First missing: %4$s	%1$s：找到 %2$d 项，缺少 %3$d 项，另有更多未继续计数。首个缺失项：%4$s
%1$s: %2$d found, %3$d missing. First missing: %4$s	%1$s：找到 %2$d 项，缺少 %3$d 项。首个缺失项：%4$s
%1$s: %2$s	%1$s：%2$s
1 field overridden	已覆盖 1 个字段
1 field will be overridden when requested	请求时将覆盖 1 个字段
1 gate selected	已选择 1 个功能开关
1 min left	剩余 1 分钟
1 result	1 个结果
1 result so far	目前有 1 个结果
1 video left	剩余 1 个视频
A Lab change is already running	已有一项实验室更改正在进行
A creator pattern is taking too long and was turned off: %1$s	某个创作者匹配规则耗时过长，已自动关闭：%1$s
A diagnostic report is already being saved	已有诊断报告正在保存
A field value couldn't be read. Check the values and try again.	无法读取字段值。请检查各项数值后重试。
A file named hushfeed-safe-mode in TikTok's folder under Android/data paused Hushfeed. Your settings stay as they are.	Android/data 下 TikTok 文件夹中的 hushfeed-safe-mode 文件已暂停 Hushfeed。你的设置会保持不变。
A forced value applies to this copy of TikTok whichever account is signed in. It cannot get past a check the server makes.	强制值会应用于此 TikTok 安装，无论登录哪个账号。它无法绕过服务器端检查。
A good place to stop, if you want one.	如果你想停下来，这里是个合适的位置。
A green dot in the top corner while TikTok has the camera open and an orange one while it records sound. They go when the access ends.	TikTok 使用摄像头时，顶部角落显示绿点；录音时显示橙点。访问结束后指示点会消失。
A host to put in place of tiktok.com when you share or copy a link, like vxtiktok.com. Leave it empty to share TikTok's own links. Only TikTok links are changed, and only the host: nothing is sent anywhere new.	分享或复制链接时，用于替换 tiktok.com 的域名，例如 vxtiktok.com。留空则使用 TikTok 原始链接。只会修改 TikTok 链接的域名，不会把任何内容发送到新的服务器。
A newer clear replaced that undo. Tap the row again to undo.	更新的清除操作已取代该撤销记录。再次点按此项即可撤销。
A small label on the feed shows the minutes or videos left of today's budget, whichever is closer to running out.	信息流上的小标签会显示今天剩余的分钟数或视频数，以更接近用尽的一项为准。
A tap on a person in the Send to row only selects them. A second tap on the same person within %1$d seconds sends the video.	在“发送给”一栏点按某人只会先选中；在 %1$d 秒内再次点按同一人，才会发送视频。
A web address someone left in a comment can be tapped instead of copied out by hand. Tapping anywhere else in the comment still does what it did.	评论中的网址可以直接点按打开，无需手动复制。点按评论其他位置仍保持原有行为。
AI-generated posts	AI 生成的帖子
About	关于
Activity	活动
Activity center (PIA)	活动中心（PIA）
Add	添加
Add a button beside the block control to send feedback about the current video.	在屏蔽控件旁添加一个按钮，用于反馈当前视频。
Add a button that hides the current creator on this phone without blocking them.	添加一个按钮，仅在本机隐藏当前创作者，而不将其拉黑。
Add a creator	添加创作者
Add a search box that filters comments already loaded on this video by text or username. It doesn't search all of TikTok or remove TikTok's suggested-search banner.	添加搜索框，可按文字或用户名筛选当前视频已加载的评论。它不会搜索整个 TikTok，也不会移除 TikTok 的推荐搜索横幅。
Add a separate button that skips videos using the current sound.	添加一个单独按钮，用于跳过使用当前声音的视频。
Add hidden creator	添加隐藏的创作者
Added %1$s	已添加 %1$s
Ads	广告
Advanced	高级
Advanced JSON value	高级 JSON 值
All	全部
All available languages	所有可用语言
All events	所有事件
All loaded tabs	所有已加载标签页
Allow Duet and Stitch anyway	始终允许合拍与拼接
Allow screenshots and Circle to Search	允许截图和“圈选搜索”
Allow storage for TikTok in Android settings to save profile pictures	请在 Android 设置中允许 TikTok 使用存储空间，以保存头像
Allow storage for TikTok in Android settings to save sounds	请在 Android 设置中允许 TikTok 使用存储空间，以保存声音
Allow storage for TikTok in Android settings to save stories	请在 Android 设置中允许 TikTok 使用存储空间，以保存故事
Allow storage for TikTok in Android settings to save the live photo's clip	请在 Android 设置中允许 TikTok 使用存储空间，以保存实况照片的视频片段
Already active	已启用
Already marked as not interested	已标记为不感兴趣
Also apply these filters to downloaded videos TikTok uses when the feed cannot load enough new items.	也将这些筛选规则应用于 TikTok 在信息流无法加载足够新内容时使用的已下载视频。
Also change the region TikTok reports internally. Keeps your interface language. Your IP address and your account's own rules still apply.	同时更改 TikTok 内部上报的地区。界面语言保持不变。你的 IP 地址以及账号自身的地区规则仍然有效。
Also on a block list, so still hidden: %1$s	同时也在屏蔽列表中，因此仍会隐藏：%1$s
Always show publish date	始终显示发布日期
Always show the publish date in video author information. Restart TikTok to apply this.	始终在视频作者信息中显示发布日期。重启 TikTok 后生效。
An app's package name, like com.dv.adm. The save button sends the video's link there instead of saving it here. Leave it empty to save here.	应用包名，例如 com.dv.adm。点击保存按钮时，会把视频链接发送给该应用，而不是在此处保存。留空则在本地保存。
An exception names one creator, so a pattern can't be one: %1$s	例外项只能指定一个创作者，不能使用匹配规则：%1$s
An exception takes a handle or id, not a display name: %1$s	例外项需要填写用户名或 ID，而不是显示名称：%1$s
An interrupted settings change couldn't be recovered, so its record was set aside. Check your settings or restore a backup.	中断的设置更改无法恢复，其记录已被单独保留。请检查设置或恢复备份。
An operator code is five or six digits, like 310260	运营商代码应为 5 或 6 位数字，例如 310260
An override changes the value TikTok reads from this gate. It does not rewrite TikTok's cached value or prove the named feature changed.	覆盖值会改变 TikTok 从此功能开关读取到的值，但不会改写 TikTok 的缓存值，也不能证明对应功能一定发生了变化。
Animated sticker format	动态贴纸格式
Answer TikTok's location requests with nothing. The region settings change the locale and timezone; this stops the coordinates.	对 TikTok 的定位请求返回空值。地区设置会更改区域和时区；此选项会阻止提供坐标。
Answer TikTok's reads of your contacts with an empty list. Find Friends and People you may know lose access to your contact list.	当 TikTok 读取联系人时返回空列表。“查找好友”和“你可能认识的人”将无法访问你的联系人。
Answer TikTok's scan of the apps on this phone with an empty list. A check for one named app, which TikTok also uses to open an app you tap, is left alone.	当 TikTok 扫描本机已安装应用时返回空列表。针对某个指定应用的单独检查会保留，因为 TikTok 也用它来打开你点按的应用。
App	应用
App AB	应用 AB
Appearance	外观
Applies to both video and photo downloads.	同时适用于视频和图片下载。
Apply	应用
Apply overrides	应用覆盖值
Applying Calm feed	正在应用“清爽信息流”
Around the video	视频周围
Arrange your feed and bottom tabs	排列信息流和底部标签
Ask TikTok for search results that aren't personalized to your account. This changes results, not search buttons or suggestions.	让 TikTok 返回不针对你账号个性化的搜索结果。此选项只改变搜索结果，不改变搜索按钮或搜索建议。
Attention	注意
Audio	音频
Auto translate comments	自动翻译评论
Auto-advance	自动切换
Auto-advance session limit	自动切换会话上限
Auto-advance stopped after %1$d videos	自动切换已在 %1$d 个视频后停止
Auto-advance stopped after one video	自动切换已在 1 个视频后停止
Auto-advance videos	自动切换视频
Automatic	自动
Automatic clear display	自动清屏
Avatar and follow button	头像和关注按钮
Back	返回
Back up settings	备份设置
Backup and restore	备份与恢复
Black	黑色
Block clipboard reads	阻止读取剪贴板
Block contact list access	阻止访问联系人列表
Block installed app scanning	阻止扫描已安装应用
Block location	阻止定位
Block motion sensors	阻止访问运动传感器
Block new bottom tabs	阻止新增底部标签
Block new feed tabs	阻止新增信息流标签
Block the creator in one tap. Once TikTok confirms, skip to the next video. A small Unblock button appears at the top left for two seconds. You can also unblock later in TikTok's Privacy > Blocked accounts.	一键拉黑当前创作者。TikTok 确认后会跳到下一个视频，左上角会短暂显示 2 秒“解除拉黑”按钮。之后也可以在 TikTok 的“隐私 > 已屏蔽账号”中解除。
Block this commenter	拉黑此评论者
Block this creator	拉黑此创作者
Block this sound	屏蔽此声音
Blocked	已屏蔽
Blocked %1$s	已屏蔽 %1$s
Blocked %1$s. Unblock	已屏蔽 %1$s。解除
Blocked and hidden creators	已屏蔽和已隐藏的创作者
Blocked caption words	已屏蔽的文案关键词
Blocked comment words	已屏蔽的评论关键词
Blocked creators	已屏蔽的创作者
Blocked sound ids	已屏蔽的声音 ID
Blocked sound names	已屏蔽的声音名称
Blocked sounds	已屏蔽的声音
Blocking	正在屏蔽
Boolean	布尔值
Bottom tabs to keep	保留的底部标签
Browse	浏览
Calm feed	清爽信息流
Calm feed couldn't be applied. Nothing was changed.	无法应用“清爽信息流”。未进行任何更改。
Calm feed couldn't start. Try again shortly.	无法启动“清爽信息流”。请稍后重试。
Calm feed is on.	“清爽信息流”已开启。
Calm feed is on. Restart TikTok to apply every change.	“清爽信息流”已开启。重启 TikTok 以应用全部更改。
Camera and microphone in use	正在使用摄像头和麦克风
Camera in use	正在使用摄像头
Cancel	取消
Caption background	字幕背景
Caption text size	字幕文字大小
Captions	字幕
Captions, gestures and on-screen controls	字幕、手势与屏幕控件
Capture crash reports locally	在本地保存崩溃报告
Changed	已更改
Choose %1$d to %2$d videos. Values outside this range use the nearest valid limit. Restart TikTok to apply this.	请选择 %1$d 到 %2$d 个视频。超出范围的值会使用最接近的有效上限。重启 TikTok 后生效。
Choose a backup file. Your current settings are kept for Undo.	请选择备份文件。当前设置会保留，以便撤销。
Choose a folder on internal storage. SD cards are not supported.	请选择内部存储中的文件夹。不支持 SD 卡。
Choose a preset to fill the SIM details.	选择一个预设来填写 SIM 信息。
Choose a subfolder under %1$s.	请选择 %1$s 下的子文件夹。
Choose what reaches your feed	选择哪些内容进入你的信息流
Choose which loaded TikTok bottom navigation tabs should stay visible.	选择已加载的 TikTok 底部导航标签中哪些保持显示。
Choose which loaded TikTok feed tabs should stay visible. If only For You remains, its redundant header is hidden.	选择已加载的 TikTok 信息流标签中哪些保持显示。如果只保留“为你推荐”，其多余的顶部标题会被隐藏。
Choose which rows and controls appear	选择显示哪些项目和控件
Clear all	全部清除
Clear all Lab data (overrides, switch, recordings)	清除实验室全部数据（覆盖值、开关、记录）
Clear all suggested accounts	清除所有推荐账号
Clear diagnostic data	清除诊断数据
Clear display	清屏
Clear display delay	清屏延迟
Clear preset	清除预设
Clear search	清除搜索
Clear seen videos	清除已看视频
Clear the recent events, saved crash reports and the hook status above.	清除最近事件、已保存的崩溃报告以及上方的 Hook 状态。
Clear the search	清除搜索
Cleared. Tap to undo before TikTok closes.	已清除。TikTok 关闭前可点按撤销。
Clearing	正在清除
Clearing suggested accounts	正在清除推荐账号
Clearing, %1$d so far	正在清除，目前已处理 %1$d 项
Close	关闭
Comma separated account handles or user ids. Their videos stay when only a filter on the kind of post, its labels, age, length or counts would hide them. Ads, blocked creators, words, sounds and countries, and seen videos still apply.	用英文逗号分隔账号用户名或用户 ID。若视频仅因帖子类型、标签、发布时间、时长或数据量筛选而被隐藏，这些账号的视频仍会保留。广告、已屏蔽创作者、关键词、声音、国家/地区以及已看视频等规则仍会生效。
Comma separated account handles or user ids. Videos from these accounts are always hidden. An entry between slashes, like /^news_/, is a pattern matched against the handle and the display name.	用英文逗号分隔账号用户名或用户 ID。这些账号的视频将始终隐藏。用斜杠包围的条目（如 /^news_/）会作为匹配规则，同时匹配用户名和显示名称。
Comma separated country codes, like GB, IE. Videos posted from anywhere else are hidden. Leave empty for all countries.	用英文逗号分隔国家/地区代码，例如 GB、IE。其他地区发布的视频会被隐藏。留空表示允许所有地区。
Comma separated country codes. Videos posted from these are hidden, whatever the list above says.	用英文逗号分隔国家/地区代码。来自这些地区的视频将被隐藏，不受上方列表影响。
Comma separated list of any other Inbox row titles to hide, matched exactly. Use this for anything not listed above.	用英文逗号分隔其他要隐藏的收件箱项目标题，需精确匹配。可用于上方未列出的项目。
Comma separated names exactly as the share sheet shows them: friends in the Send to row, share targets such as Facebook, and actions such as Create group or Repost. Stable keys such as copy, save and dislike also work before the sheet opens.	用英文逗号分隔名称，必须与分享面板中的显示完全一致，例如“发送给”一栏的好友、Facebook 等分享目标，以及“创建群聊”或“转发”等操作。copy、save、dislike 等稳定键名也可在面板打开前生效。
Comma separated sound ids recorded by the player's sound button. Remove one to unblock it.	用英文逗号分隔由播放器声音按钮记录的声音 ID。删除某项即可解除屏蔽。
Comma separated usernames or display names whose comments are hidden.	用英文逗号分隔用户名或显示名称，这些用户的评论将被隐藏。
Comma separated words or phrases. Videos whose caption matches are hidden. Case does not matter. Two phrases in quotes can be joined: "a" & "b" needs both, "a" !& "b" needs the first without the second.	用英文逗号分隔关键词或短语。文案匹配的视频会被隐藏，不区分大小写。两个带引号的短语可组合："a" & "b" 表示两者都需出现；"a" !& "b" 表示需要前者且不能有后者。
Comma separated words to match against a sound's name, like saxophone. Case does not matter.	用英文逗号分隔用于匹配声音名称的关键词，例如 saxophone。不区分大小写。
Comma separated. A comment is hidden if its text contains any of them. Case does not matter. Two phrases in quotes can be joined: "a" & "b" needs both, "a" !& "b" needs the first without the second.	用英文逗号分隔。评论文字只要包含任意一项就会被隐藏，不区分大小写。两个带引号的短语可组合："a" & "b" 表示两者都需出现；"a" !& "b" 表示需要前者且不能有后者。
Comment media filename	评论媒体文件名
Comments	评论
Comments aren't available for this video	此视频没有可用评论
Comments beside the video	在视频旁显示评论
Comments range	评论数范围
Compact comment header	紧凑评论标题栏
Compare gate reads with their previous values.	将功能开关读取值与先前值进行比较。
Completed an interrupted settings change. Restart TikTok to apply this.	已完成之前中断的设置更改。重启 TikTok 后生效。
Config	配置
Config (Settings Manager)	配置（设置管理器）
Confirm before following	关注前确认
Confirm before liking	点赞前确认
Confirm before sending to a friend	发送给好友前确认
Continue supported videos from where you stopped when you scroll back to them.	滚动返回支持的视频时，从上次停止的位置继续播放。
Controls	控件
Copied feature gate report	已复制功能开关报告
Copy a quick report or save the full report as a file.	复制简要报告，或将完整报告保存为文件。
Copy comments without username	复制评论时不带用户名
Copy only the comment text when using TikTok's copy comment action.	使用 TikTok 的“复制评论”操作时，仅复制评论正文。
Copy quick report	复制简要报告
Copy report	复制报告
Copy the sound link	复制声音链接
Copy the video link	复制视频链接
Couldn't change the Lab settings. Try again.	无法更改实验室设置。请重试。
Couldn't clear the suggested accounts. Reopen the Inbox and try again.	无法清除推荐账号。请重新打开收件箱后重试。
Couldn't confirm the block for %1$s. Open their profile to check.	无法确认是否已拉黑 %1$s。请打开其个人主页检查。
Couldn't confirm the unblock for %1$s. Open their profile to check.	无法确认是否已解除对 %1$s 的拉黑。请打开其个人主页检查。
Couldn't copy the report. Use Save JSON instead.	无法复制报告。请改用“保存 JSON”。
Couldn't open settings search. Reopen settings and try again.	无法打开设置搜索。请重新打开设置后重试。
Couldn't open that settings section. Reopen settings and try again.	无法打开该设置页面。请重新打开设置后重试。
Couldn't open the file picker to export. Try again.	无法打开文件选择器进行导出。请重试。
Couldn't open the file picker to import. Try again.	无法打开文件选择器进行导入。请重试。
Couldn't put back the diagnostic data. Try again.	无法恢复诊断数据。请重试。
Couldn't read who posted this comment. Open their profile and block them there.	无法识别此评论的发布者。请打开其个人主页并在那里拉黑。
Couldn't reset this override. Try again.	无法重置此覆盖值。请重试。
Couldn't restore the settings. Try again.	无法恢复设置。请重试。
Couldn't save the settings backup. Try again.	无法保存设置备份。请重试。
Couldn't save this override. Try again.	无法保存此覆盖值。请重试。
Couldn't send the feedback. Try again shortly.	无法发送反馈。请稍后重试。
Couldn't start the Lab change. Try again shortly.	无法开始实验室更改。请稍后重试。
Couldn't start the report export. Try again shortly.	无法开始导出报告。请稍后重试。
Couldn't start the settings change. Try again shortly.	无法开始更改设置。请稍后重试。
Couldn't tell which folder to update. Choose it again.	无法确定要更新哪个文件夹。请重新选择。
Couldn't undo the clear. Try again.	无法撤销清除操作。请重试。
Country and network preferences	国家/地区与网络偏好
Country code	国家/地区代码
Country filters	国家/地区筛选
Counts under the buttons	按钮下方显示计数
Create	创建
Creator exceptions	创作者例外
Creators and sounds	创作者与声音
Creators hidden on this phone	本机隐藏的创作者
Creators you hid from a video. Search the list and remove one at a time.	你从视频中隐藏过的创作者。可搜索列表并逐个移除。
Current	当前
Current %1$s	当前 %1$s
Current cache unavailable: %1$s	当前缓存不可用：%1$s
Current state	当前状态
Current: %1$s	当前：%1$s
Custom SIM details	自定义 SIM 信息
Custom value	自定义值
Custom value...	自定义值...
Daily budget	每日限额
Daily budgets, reminders and the hold	每日限额、提醒与暂停
Daily time budget	每日时长限额
Daily video budget	每日视频数限额
Dark	深色
Days to remember a video. Zero removes the age limit. History keeps at most %1$s videos.	记住视频的天数。设为 0 表示不限制时间。历史记录最多保留 %1$s 个视频。
Days. Zero keeps every age. Posts without a usable timestamp, including future posts, stay visible.	单位为天。设为 0 表示不限制发布时间。没有可用时间戳的帖子（包括未来时间的帖子）仍会显示。
Default	默认
Default playback speed	默认播放速度
Destination updated	保存位置已更新
Device access	设备访问
Device language, then original	设备语言优先，其次原文
Diagnostic data cleared. Tap again to put it back.	诊断数据已清除。再次点按可恢复。
Diagnostic data put back	诊断数据已恢复
Diagnostic report copied to the clipboard	诊断报告已复制到剪贴板
Diagnostics	诊断
Disable	禁用
Disabled	已禁用
Discard edits	放弃修改
Dismissed %1$s suggested accounts	已移除 %1$s 个推荐账号
Dismissed one suggested account	已移除 1 个推荐账号
Do not start the feed on returning	返回时不要自动打开信息流
Do nothing	不执行任何操作
Done	完成
Double tap	双击
Download original photos	下载原始图片
Downloads	下载
Drag to move, release to place	拖动以移动，松开以放置
Drama and Series	短剧与系列
Draw TikTok's text in your device's font instead of TikTok Sans. Icons, gift animations and the @ and # glyphs keep their own fonts. Restart TikTok to apply this.	使用设备系统字体显示 TikTok 文字，而不是 TikTok Sans。图标、礼物动画以及 @ 和 # 字符仍使用各自字体。重启 TikTok 后生效。
Each area, how many of the things it looks for are in this build and how many are not.	显示每个区域在当前版本中找到和未找到的目标数量。
Easier comment likes	更容易点赞评论
Empty	空
Empty the menu that opens when you press and hold TikTok's icon on the home screen. Turning this off asks TikTok to build them again. Tapping the icon still opens the app, and a shortcut you pinned yourself stays where you put it.	清空在主屏幕长按 TikTok 图标时出现的快捷菜单。关闭此选项后会让 TikTok 重新生成这些快捷项。点按图标仍可打开应用，你手动固定的快捷方式也会保留。
Enable	启用
Enabled	已启用
Enter a JSON object or array.	请输入 JSON 对象或数组。
Enter a creator handle or id	请输入创作者用户名或 ID
Enter a finite number.	请输入有限数值。
Enter a number	输入数字
Enter a number.	请输入数字。
Enter a valid structured value.	请输入有效的结构化值。
Enter a valid two-letter country code	请输入有效的两位国家/地区代码
Enter a whole number, or one like 20K, 1.5M or 2B	请输入整数，或类似 20K、1.5M、2B 的数值
Enter a whole number.	请输入整数。
Enter true or false.	请输入 true 或 false。
Enter up to %1$d comma-separated speeds from %2$s to %3$s	最多输入 %1$d 个用英文逗号分隔的速度值，范围为 %2$s 到 %3$s
Enter valid JSON.	请输入有效的 JSON。
Entry %1$d has a field with the wrong data type.	第 %1$d 项中有字段的数据类型错误。
Entry %1$d is not an object.	第 %1$d 项不是对象。
Errors	错误
Expand activity list	展开活动列表
Explore	探索
Export diagnostic report	导出诊断报告
Export loaded values	导出已加载的值
Exported %1$d loaded values	已导出 %1$d 个已加载值
Exported 1 loaded value	已导出 1 个已加载值
Extend the heart's touch area into nearby blank space. The icon and row spacing stay the same. Text, Reply and other controls keep their own space.	将爱心按钮的触控区域扩展到附近空白处。图标和行间距保持不变，文字、“回复”和其他控件仍保留各自的触控区域。
Fade the feed out before the hold	暂停前淡出信息流
Favorites range	收藏数范围
Feature Gate Lab	功能开关实验室
Feature gate override reset	功能开关覆盖值已重置
Feature gate override saved	功能开关覆盖值已保存
Feed and navigation	信息流与导航
Feed button size	信息流按钮大小
Feed filter	信息流筛选